{
  "x": 1062.3146028246342,
  "y": 169.22823524021672,
  "eyeFeatures": {
    "left": {
      "patch": {},
      "imagex": 270,
      "imagey": 246,
      "width": 39,
      "height": 18
    },
    "right": {
      "patch": {},
      "imagex": 345,
      "imagey": 240,
      "width": 36,
      "height": 18
    }
  },
  "all": [
    {
      "x": 1062.3146028246342,
      "y": 169.22823524021672
    }
  ]
}