tau,prob_actions,results
0.5,"[0.09090909090909091, 0.09090909090909091, 0.09090909090909091, 0.09090909090909091, 0.09090909090909091, 0.09090909090909091, 0.09090909090909091, 0.09090909090909091, 0.09090909090909091, 0.09090909090909091, 0.09090909090909091]","([0], [5], [1], [1])"
0.5,"[0.05750743423396601, 0.05750743423396601, 0.05750743423396601, 0.05750743423396601, 0.05750743423396601, 0.4249256576603398, 0.05750743423396601, 0.05750743423396601, 0.05750743423396601, 0.05750743423396601, 0.05750743423396601]","([1], [7], [1], [2])"
0.5,"[0.04205548328138278, 0.04205548328138278, 0.04205548328138278, 0.04205548328138278, 0.04205548328138278, 0.3107503252337775, 0.04205548328138278, 0.3107503252337775, 0.04205548328138278, 0.04205548328138278, 0.04205548328138278]","([2], [5], [1], [3])"
0.5,"[0.04205548328138278, 0.04205548328138278, 0.04205548328138278, 0.04205548328138278, 0.04205548328138278, 0.3107503252337775, 0.04205548328138278, 0.3107503252337775, 0.04205548328138278, 0.04205548328138278, 0.04205548328138278]","([3], [7], [1], [4])"
0.5,"[0.04205548328138278, 0.04205548328138278, 0.04205548328138278, 0.04205548328138278, 0.04205548328138278, 0.3107503252337775, 0.04205548328138278, 0.3107503252337775, 0.04205548328138278, 0.04205548328138278, 0.04205548328138278]","([4], [0], [1], [5])"
0.5,"[0.24493701318716152, 0.03314862005481444, 0.03314862005481444, 0.03314862005481444, 0.03314862005481444, 0.24493701318716152, 0.03314862005481444, 0.24493701318716152, 0.03314862005481444, 0.03314862005481444, 0.03314862005481444]","([5], [10], [1], [6])"
